insert into Users (UserID, Username, FirstName, LastName, DateOfBirth, Password, DateAdded) values (1, 'sgrouer0', 'Stavros', 'Grouer', '1997-03-23', 'dT1_SKa$', '2022-08-04');
insert into Users (UserID, Username, FirstName, LastName, DateOfBirth, Password, DateAdded) values (2, 'ejanata1', 'Eloisa', 'Janata', '1995-04-26', 'qG5/y08suwxC', '2021-10-05');
insert into Users (UserID, Username, FirstName, LastName, DateOfBirth, Password, DateAdded) values (3, 'rskyrm2', 'Robbie', 'Skyrm', '2003-12-03', 'xF9|Md6hBeA>vIM', '2020-09-25');
insert into Users (UserID, Username, FirstName, LastName, DateOfBirth, Password, DateAdded) values (4, 'dcubbino3', 'Dolly', 'Cubbino', '1997-09-18', 'yG0>+=zz8Q', '2023-01-31');
insert into Users (UserID, Username, FirstName, LastName, DateOfBirth, Password, DateAdded) values (5, 'nfelip4', 'Nilson', 'felip', '2003-03-03', 'yM8>2("RZ\/XT', '2021-05-16');
insert into Users (UserID, Username, FirstName, LastName, DateOfBirth, Password, DateAdded) values (6, 'gcubbon5', 'Gran', 'Cubbon', '1994-07-27', 'iD8@`O=9Ql#J*3', '2023-02-18');
insert into Users (UserID, Username, FirstName, LastName, DateOfBirth, Password, DateAdded) values (7, 'ceilles6', 'Christabella', 'Eilles', '2013-01-28', 'pT8<feJ$42a', '2022-02-19');
insert into Users (UserID, Username, FirstName, LastName, DateOfBirth, Password, DateAdded) values (8, 'scutmore7', 'Siffre', 'Cutmore', '2001-08-25', 'wK8!$6wtXXA>yvi', '2021-08-01');
insert into Users (UserID, Username, FirstName, LastName, DateOfBirth, Password, DateAdded) values (9, 'bjackett8', 'Bartlet', 'Jackett', '2012-01-02', 'bR4''X''s)jF*#Tr', '2023-05-21');
insert into Users (UserID, Username, FirstName, LastName, DateOfBirth, Password, DateAdded) values (10, 'vsuggate9', 'Victor', 'Suggate', '2000-02-19', 'qB8{2sW9)T=e', '2022-09-06');
insert into Users (UserID, Username, FirstName, LastName, DateOfBirth, Password, DateAdded) values (11, 'dgiovannazzia', 'Devon', 'Giovannazzi', '1992-02-19', 'bU2<Tkm!L57!', '2021-01-29');
insert into Users (UserID, Username, FirstName, LastName, DateOfBirth, Password, DateAdded) values (12, 'kongb', 'Karissa', 'Ong', '2012-08-02', 'gG4\UXJgXC=LKS', '2024-06-24');
insert into Users (UserID, Username, FirstName, LastName, DateOfBirth, Password, DateAdded) values (13, 'awarbeyc', 'Auria', 'Warbey', '2003-04-14', 'xY0,HNciO+7_', '2021-06-21');
insert into Users (UserID, Username, FirstName, LastName, DateOfBirth, Password, DateAdded) values (14, 'jdrached', 'Jorrie', 'Drache', '2007-03-05', 'zX6=p=%,qOgLL<Gr', '2021-07-31');
insert into Users (UserID, Username, FirstName, LastName, DateOfBirth, Password, DateAdded) values (15, 'ldysone', 'Lilllie', 'Dyson', '2003-03-10', 'vK1{w?3#', '2023-05-14');
insert into Users (UserID, Username, FirstName, LastName, DateOfBirth, Password, DateAdded) values (16, 'kmclearyf', 'Karola', 'McLeary', '2002-02-15', 'sH0.cv?u9bL', '2021-11-29');
insert into Users (UserID, Username, FirstName, LastName, DateOfBirth, Password, DateAdded) values (17, 'swrightimg', 'Sherrie', 'Wrightim', '2005-01-07', 'aV8?|h2,fNg', '2022-09-14');
insert into Users (UserID, Username, FirstName, LastName, DateOfBirth, Password, DateAdded) values (18, 'lvasilich', 'Lucian', 'Vasilic', '1990-09-01', 'jF2''t|Qx,|oa4.J6', '2022-12-05');
insert into Users (UserID, Username, FirstName, LastName, DateOfBirth, Password, DateAdded) values (19, 'agiblingi', 'Antons', 'Gibling', '1997-05-07', 'pX8_~B\V(hwT#y', '2021-01-24');
insert into Users (UserID, Username, FirstName, LastName, DateOfBirth, Password, DateAdded) values (20, 'pdobsonsj', 'Pierson', 'Dobsons', '2011-08-09', 'oH1$FARt*b.GEWN.', '2022-05-13');
insert into Users (UserID, Username, FirstName, LastName, DateOfBirth, Password, DateAdded) values (21, 'cnoonek', 'Crawford', 'Noone', '2010-11-14', 'nY3<_dsCly6h%`rQ', '2023-10-10');
insert into Users (UserID, Username, FirstName, LastName, DateOfBirth, Password, DateAdded) values (22, 'ifarensl', 'Inglis', 'Farens', '2009-02-06', 'rV8_9{rv6I|Rx|N', '2024-03-03');
insert into Users (UserID, Username, FirstName, LastName, DateOfBirth, Password, DateAdded) values (23, 'ekindleysidesm', 'Elyse', 'Kindleysides', '2001-11-06', 'lL8.t3&i', '2023-10-23');
insert into Users (UserID, Username, FirstName, LastName, DateOfBirth, Password, DateAdded) values (24, 'hraubenheimn', 'Hamnet', 'Raubenheim', '2015-04-02', 'cZ2(=~XLh', '2022-05-09');
insert into Users (UserID, Username, FirstName, LastName, DateOfBirth, Password, DateAdded) values (25, 'kbailleso', 'Kirstyn', 'Bailles', '2007-06-04', 'yE4\({hNv8SI', '2023-07-03');

insert into Friends (FriendID, FriendWhoAdded, FriendBeingAdded, IsAccepted, DateAdded) values (1, 7, 11, false, '2023-03-01');
insert into Friends (FriendID, FriendWhoAdded, FriendBeingAdded, IsAccepted, DateAdded) values (2, 20, 12, false, '2024-04-09');
insert into Friends (FriendID, FriendWhoAdded, FriendBeingAdded, IsAccepted, DateAdded) values (3, 9, 8, true, '2024-06-27');
insert into Friends (FriendID, FriendWhoAdded, FriendBeingAdded, IsAccepted, DateAdded) values (4, 17, 7, false, '2024-04-18');
insert into Friends (FriendID, FriendWhoAdded, FriendBeingAdded, IsAccepted, DateAdded) values (5, 24, 11, false, '2023-02-10');
insert into Friends (FriendID, FriendWhoAdded, FriendBeingAdded, IsAccepted, DateAdded) values (6, 2, 16, false, '2023-11-15');
insert into Friends (FriendID, FriendWhoAdded, FriendBeingAdded, IsAccepted, DateAdded) values (7, 15, 8, false, '2024-04-15');
insert into Friends (FriendID, FriendWhoAdded, FriendBeingAdded, IsAccepted, DateAdded) values (8, 20, 3, false, '2024-07-29');
insert into Friends (FriendID, FriendWhoAdded, FriendBeingAdded, IsAccepted, DateAdded) values (9, 2, 25, true, '2024-01-22');
insert into Friends (FriendID, FriendWhoAdded, FriendBeingAdded, IsAccepted, DateAdded) values (10, 10, 3, true, '2024-05-07');
insert into Friends (FriendID, FriendWhoAdded, FriendBeingAdded, IsAccepted, DateAdded) values (11, 16, 16, false, '2023-12-18');
insert into Friends (FriendID, FriendWhoAdded, FriendBeingAdded, IsAccepted, DateAdded) values (12, 1, 5, false, '2024-03-22');
insert into Friends (FriendID, FriendWhoAdded, FriendBeingAdded, IsAccepted, DateAdded) values (13, 2, 24, true, '2023-05-13');
insert into Friends (FriendID, FriendWhoAdded, FriendBeingAdded, IsAccepted, DateAdded) values (14, 16, 6, false, '2024-02-16');
insert into Friends (FriendID, FriendWhoAdded, FriendBeingAdded, IsAccepted, DateAdded) values (15, 9, 2, true, '2024-05-23');
insert into Friends (FriendID, FriendWhoAdded, FriendBeingAdded, IsAccepted, DateAdded) values (16, 1, 22, false, '2023-04-18');
insert into Friends (FriendID, FriendWhoAdded, FriendBeingAdded, IsAccepted, DateAdded) values (17, 23, 5, true, '2022-09-12');
insert into Friends (FriendID, FriendWhoAdded, FriendBeingAdded, IsAccepted, DateAdded) values (18, 20, 4, true, '2024-04-25');
insert into Friends (FriendID, FriendWhoAdded, FriendBeingAdded, IsAccepted, DateAdded) values (19, 20, 9, false, '2024-08-31');
insert into Friends (FriendID, FriendWhoAdded, FriendBeingAdded, IsAccepted, DateAdded) values (20, 4, 7, false, '2023-03-12');
insert into Friends (FriendID, FriendWhoAdded, FriendBeingAdded, IsAccepted, DateAdded) values (21, 21, 15, true, '2022-12-31');
insert into Friends (FriendID, FriendWhoAdded, FriendBeingAdded, IsAccepted, DateAdded) values (22, 1, 13, true, '2023-03-12');
insert into Friends (FriendID, FriendWhoAdded, FriendBeingAdded, IsAccepted, DateAdded) values (23, 18, 19, false, '2023-03-20');
insert into Friends (FriendID, FriendWhoAdded, FriendBeingAdded, IsAccepted, DateAdded) values (24, 23, 23, true, '2022-10-12');
insert into Friends (FriendID, FriendWhoAdded, FriendBeingAdded, IsAccepted, DateAdded) values (25, 1, 12, true, '2023-12-06');

insert into Groups (GroupID, GroupName, CreatedBy, DateAdded) values (1, 'Nienow-Bartell', 20, '2023-06-18');
insert into Groups (GroupID, GroupName, CreatedBy, DateAdded) values (2, 'Luettgen Inc', 21, '2024-01-12');
insert into Groups (GroupID, GroupName, CreatedBy, DateAdded) values (3, 'Klocko-Jakubowski', 7, '2022-09-18');
insert into Groups (GroupID, GroupName, CreatedBy, DateAdded) values (4, 'Weissnat-Cummings', 4, '2023-02-07');
insert into Groups (GroupID, GroupName, CreatedBy, DateAdded) values (5, 'Wiza Group', 1, '2023-12-02');
insert into Groups (GroupID, GroupName, CreatedBy, DateAdded) values (6, 'Breitenberg, Towne and Stamm', 18, '2023-06-16');
insert into Groups (GroupID, GroupName, CreatedBy, DateAdded) values (7, 'Hills, Willms and Veum', 8, '2023-02-12');
insert into Groups (GroupID, GroupName, CreatedBy, DateAdded) values (8, 'Hane-Nolan', 23, '2023-01-22');
insert into Groups (GroupID, GroupName, CreatedBy, DateAdded) values (9, 'Rogahn and Sons', 4, '2024-07-16');
insert into Groups (GroupID, GroupName, CreatedBy, DateAdded) values (10, 'Green, Windler and Dibbert', 12, '2023-01-26');
insert into Groups (GroupID, GroupName, CreatedBy, DateAdded) values (11, 'Fadel-Tremblay', 16, '2023-03-24');
insert into Groups (GroupID, GroupName, CreatedBy, DateAdded) values (12, 'Jones Inc', 13, '2023-05-12');
insert into Groups (GroupID, GroupName, CreatedBy, DateAdded) values (13, 'Wunsch-Mante', 10, '2023-08-06');
insert into Groups (GroupID, GroupName, CreatedBy, DateAdded) values (14, 'Ziemann, Kirlin and Gibson', 7, '2022-12-19');
insert into Groups (GroupID, GroupName, CreatedBy, DateAdded) values (15, 'Pfannerstill and Sons', 7, '2024-04-22');
insert into Groups (GroupID, GroupName, CreatedBy, DateAdded) values (16, 'Macejkovic and Sons', 8, '2024-08-05');
insert into Groups (GroupID, GroupName, CreatedBy, DateAdded) values (17, 'Emard-Reynolds', 25, '2023-07-31');
insert into Groups (GroupID, GroupName, CreatedBy, DateAdded) values (18, 'Torphy-Heidenreich', 17, '2023-02-08');
insert into Groups (GroupID, GroupName, CreatedBy, DateAdded) values (19, 'Johnson and Sons', 18, '2023-11-08');
insert into Groups (GroupID, GroupName, CreatedBy, DateAdded) values (20, 'Kilback Inc', 11, '2023-06-22');
insert into Groups (GroupID, GroupName, CreatedBy, DateAdded) values (21, 'Collins, Kris and Klocko', 10, '2022-10-06');
insert into Groups (GroupID, GroupName, CreatedBy, DateAdded) values (22, 'Runte-Barton', 20, '2024-05-20');
insert into Groups (GroupID, GroupName, CreatedBy, DateAdded) values (23, 'Hickle, Dare and Rice', 14, '2023-04-14');
insert into Groups (GroupID, GroupName, CreatedBy, DateAdded) values (24, 'Feest, Ratke and Williamson', 22, '2024-02-05');
insert into Groups (GroupID, GroupName, CreatedBy, DateAdded) values (25, 'O''Hara-Durgan', 20, '2022-10-30');

insert into Posts (PostID, PostDescription, PostedBy, IsPublic, IsOnlyForFriends, GroupID, DatePosted) values (1, 'Praesent blandit lacinia erat. Vestibulum sed magna at nunc commodo placerat. Praesent blandit. Nam nulla. Integer pede justo, lacinia eget, tincidunt eget, tempus vel, pede.', 4, false, true, 7, '2023-10-04');
insert into Posts (PostID, PostDescription, PostedBy, IsPublic, IsOnlyForFriends, GroupID, DatePosted) values (2, 'Cras non velit nec nisi vulputate nonummy. Maecenas tincidunt lacus at velit. Vivamus vel nulla eget eros elementum pellentesque. Quisque porta volutpat erat. Quisque erat eros, viverra eget, congue eget, semper rutrum, nulla. Nunc purus. Phasellus in felis. Donec semper sapien a libero. Nam dui. Proin leo odio, porttitor id, consequat in, consequat ut, nulla.', 12, true, true, 7, '2024-01-07');
insert into Posts (PostID, PostDescription, PostedBy, IsPublic, IsOnlyForFriends, GroupID, DatePosted) values (3, 'Duis bibendum. Morbi non quam nec dui luctus rutrum.', 8, false, false, 17, '2024-04-26');
insert into Posts (PostID, PostDescription, PostedBy, IsPublic, IsOnlyForFriends, GroupID, DatePosted) values (4, 'Morbi vel lectus in quam fringilla rhoncus. Mauris enim leo, rhoncus sed, vestibulum sit amet, cursus id, turpis.', 4, false, false, 8, '2023-08-20');
insert into Posts (PostID, PostDescription, PostedBy, IsPublic, IsOnlyForFriends, GroupID, DatePosted) values (5, 'In hac habitasse platea dictumst. Morbi vestibulum, velit id pretium iaculis, diam erat fermentum justo, nec condimentum neque sapien placerat ante. Nulla justo. Aliquam quis turpis eget elit sodales scelerisque.', 18, true, true, 17, '2023-01-04');
insert into Posts (PostID, PostDescription, PostedBy, IsPublic, IsOnlyForFriends, GroupID, DatePosted) values (6, 'Nulla neque libero, convallis eget, eleifend luctus, ultricies eu, nibh. Quisque id justo sit amet sapien dignissim vestibulum. Vestibulum ante ipsum primis in faucibus orci luctus et ultrices posuere cubilia Curae; Nulla dapibus dolor vel est. Donec odio justo, sollicitudin ut, suscipit a, feugiat et, eros. Vestibulum ac est lacinia nisi venenatis tristique.', 6, true, true, 2, '2023-09-15');
insert into Posts (PostID, PostDescription, PostedBy, IsPublic, IsOnlyForFriends, GroupID, DatePosted) values (7, 'Fusce lacus purus, aliquet at, feugiat non, pretium quis, lectus. Suspendisse potenti. In eleifend quam a odio. In hac habitasse platea dictumst.', 6, true, false, 14, '2024-02-16');
insert into Posts (PostID, PostDescription, PostedBy, IsPublic, IsOnlyForFriends, GroupID, DatePosted) values (8, 'Integer non velit. Donec diam neque, vestibulum eget, vulputate ut, ultrices vel, augue. Vestibulum ante ipsum primis in faucibus orci luctus et ultrices posuere cubilia Curae; Donec pharetra, magna vestibulum aliquet ultrices, erat tortor sollicitudin mi, sit amet lobortis sapien sapien non mi. Integer ac neque. Duis bibendum. Morbi non quam nec dui luctus rutrum. Nulla tellus.', 2, false, true, 2, '2023-02-06');
insert into Posts (PostID, PostDescription, PostedBy, IsPublic, IsOnlyForFriends, GroupID, DatePosted) values (9, 'In quis justo. Maecenas rhoncus aliquam lacus. Morbi quis tortor id nulla ultrices aliquet.', 9, true, true, 6, '2024-04-06');
insert into Posts (PostID, PostDescription, PostedBy, IsPublic, IsOnlyForFriends, GroupID, DatePosted) values (10, 'Phasellus sit amet erat. Nulla tempus. Vivamus in felis eu sapien cursus vestibulum. Proin eu mi. Nulla ac enim. In tempor, turpis nec euismod scelerisque, quam turpis adipiscing lorem, vitae mattis nibh ligula nec sem. Duis aliquam convallis nunc.', 22, false, true, 24, '2024-04-06');
insert into Posts (PostID, PostDescription, PostedBy, IsPublic, IsOnlyForFriends, GroupID, DatePosted) values (11, 'Curabitur gravida nisi at nibh. In hac habitasse platea dictumst. Aliquam augue quam, sollicitudin vitae, consectetuer eget, rutrum at, lorem. Integer tincidunt ante vel ipsum. Praesent blandit lacinia erat. Vestibulum sed magna at nunc commodo placerat. Praesent blandit. Nam nulla. Integer pede justo, lacinia eget, tincidunt eget, tempus vel, pede. Morbi porttitor lorem id ligula.', 7, false, true, 23, '2023-06-30');
insert into Posts (PostID, PostDescription, PostedBy, IsPublic, IsOnlyForFriends, GroupID, DatePosted) values (12, 'Aliquam non mauris. Morbi non lectus. Aliquam sit amet diam in magna bibendum imperdiet.', 7, true, false, 20, '2023-09-11');
insert into Posts (PostID, PostDescription, PostedBy, IsPublic, IsOnlyForFriends, GroupID, DatePosted) values (13, 'Phasellus in felis. Donec semper sapien a libero. Nam dui. Proin leo odio, porttitor id, consequat in, consequat ut, nulla. Sed accumsan felis. Ut at dolor quis odio consequat varius. Integer ac leo.', 5, true, true, 21, '2022-09-30');
insert into Posts (PostID, PostDescription, PostedBy, IsPublic, IsOnlyForFriends, GroupID, DatePosted) values (14, 'Donec posuere metus vitae ipsum. Aliquam non mauris. Morbi non lectus. Aliquam sit amet diam in magna bibendum imperdiet. Nullam orci pede, venenatis non, sodales sed, tincidunt eu, felis.', 18, false, true, 19, '2024-06-19');
insert into Posts (PostID, PostDescription, PostedBy, IsPublic, IsOnlyForFriends, GroupID, DatePosted) values (15, 'Donec diam neque, vestibulum eget, vulputate ut, ultrices vel, augue. Vestibulum ante ipsum primis in faucibus orci luctus et ultrices posuere cubilia Curae; Donec pharetra, magna vestibulum aliquet ultrices, erat tortor sollicitudin mi, sit amet lobortis sapien sapien non mi. Integer ac neque. Duis bibendum. Morbi non quam nec dui luctus rutrum. Nulla tellus. In sagittis dui vel nisl. Duis ac nibh.', 17, false, true, 23, '2023-01-10');
insert into Posts (PostID, PostDescription, PostedBy, IsPublic, IsOnlyForFriends, GroupID, DatePosted) values (16, 'Duis consequat dui nec nisi volutpat eleifend. Donec ut dolor. Morbi vel lectus in quam fringilla rhoncus. Mauris enim leo, rhoncus sed, vestibulum sit amet, cursus id, turpis. Integer aliquet, massa id lobortis convallis, tortor risus dapibus augue, vel accumsan tellus nisi eu orci.', 17, true, true, 7, '2023-03-23');
insert into Posts (PostID, PostDescription, PostedBy, IsPublic, IsOnlyForFriends, GroupID, DatePosted) values (17, 'Duis bibendum, felis sed interdum venenatis, turpis enim blandit mi, in porttitor pede justo eu massa. Donec dapibus.', 3, false, false, 18, '2023-09-22');
insert into Posts (PostID, PostDescription, PostedBy, IsPublic, IsOnlyForFriends, GroupID, DatePosted) values (18, 'Maecenas leo odio, condimentum id, luctus nec, molestie sed, justo. Pellentesque viverra pede ac diam. Cras pellentesque volutpat dui. Maecenas tristique, est et tempus semper, est quam pharetra magna, ac consequat metus sapien ut nunc. Vestibulum ante ipsum primis in faucibus orci luctus et ultrices posuere cubilia Curae; Mauris viverra diam vitae quam. Suspendisse potenti. Nullam porttitor lacus at turpis. Donec posuere metus vitae ipsum.', 18, true, false, 18, '2023-03-21');
insert into Posts (PostID, PostDescription, PostedBy, IsPublic, IsOnlyForFriends, GroupID, DatePosted) values (19, 'Phasellus in felis. Donec semper sapien a libero. Nam dui.', 15, true, true, 12, '2023-08-15');
insert into Posts (PostID, PostDescription, PostedBy, IsPublic, IsOnlyForFriends, GroupID, DatePosted) values (20, 'Duis at velit eu est congue elementum. In hac habitasse platea dictumst. Morbi vestibulum, velit id pretium iaculis, diam erat fermentum justo, nec condimentum neque sapien placerat ante. Nulla justo. Aliquam quis turpis eget elit sodales scelerisque. Mauris sit amet eros. Suspendisse accumsan tortor quis turpis.', 10, false, true, 22, '2024-04-10');
insert into Posts (PostID, PostDescription, PostedBy, IsPublic, IsOnlyForFriends, GroupID, DatePosted) values (21, 'Integer ac leo. Pellentesque ultrices mattis odio. Donec vitae nisi. Nam ultrices, libero non mattis pulvinar, nulla pede ullamcorper augue, a suscipit nulla elit ac nulla. Sed vel enim sit amet nunc viverra dapibus. Nulla suscipit ligula in lacus. Curabitur at ipsum ac tellus semper interdum. Mauris ullamcorper purus sit amet nulla. Quisque arcu libero, rutrum ac, lobortis vel, dapibus at, diam.', 7, true, true, 3, '2023-02-08');
insert into Posts (PostID, PostDescription, PostedBy, IsPublic, IsOnlyForFriends, GroupID, DatePosted) values (22, 'Maecenas ut massa quis augue luctus tincidunt. Nulla mollis molestie lorem.', 20, true, true, 18, '2023-06-20');
insert into Posts (PostID, PostDescription, PostedBy, IsPublic, IsOnlyForFriends, GroupID, DatePosted) values (23, 'Suspendisse potenti. In eleifend quam a odio. In hac habitasse platea dictumst. Maecenas ut massa quis augue luctus tincidunt. Nulla mollis molestie lorem. Quisque ut erat. Curabitur gravida nisi at nibh. In hac habitasse platea dictumst.', 19, false, true, 15, '2023-10-13');
insert into Posts (PostID, PostDescription, PostedBy, IsPublic, IsOnlyForFriends, GroupID, DatePosted) values (24, 'Duis consequat dui nec nisi volutpat eleifend. Donec ut dolor. Morbi vel lectus in quam fringilla rhoncus. Mauris enim leo, rhoncus sed, vestibulum sit amet, cursus id, turpis. Integer aliquet, massa id lobortis convallis, tortor risus dapibus augue, vel accumsan tellus nisi eu orci. Mauris lacinia sapien quis libero. Nullam sit amet turpis elementum ligula vehicula consequat. Morbi a ipsum. Integer a nibh.', 20, false, false, 4, '2024-07-18');
insert into Posts (PostID, PostDescription, PostedBy, IsPublic, IsOnlyForFriends, GroupID, DatePosted) values (25, 'Nam congue, risus semper porta volutpat, quam pede lobortis ligula, sit amet eleifend pede libero quis orci. Nullam molestie nibh in lectus. Pellentesque at nulla. Suspendisse potenti. Cras in purus eu magna vulputate luctus. Cum sociis natoque penatibus et magnis dis parturient montes, nascetur ridiculus mus. Vivamus vestibulum sagittis sapien.', 20, false, true, 23, '2023-12-21');

insert into GroupMembershipRequests (GroupMemberShipRequestsID, GroupID, GroupMemberUserID, IsGroupMemberShipAccepted, DateAccepted) values (1, 8, 17, true, '2023-09-10');
insert into GroupMembershipRequests (GroupMemberShipRequestsID, GroupID, GroupMemberUserID, IsGroupMemberShipAccepted, DateAccepted) values (2, 12, 2, false, '2022-10-27');
insert into GroupMembershipRequests (GroupMemberShipRequestsID, GroupID, GroupMemberUserID, IsGroupMemberShipAccepted, DateAccepted) values (3, 25, 16, false, '2024-07-02');
insert into GroupMembershipRequests (GroupMemberShipRequestsID, GroupID, GroupMemberUserID, IsGroupMemberShipAccepted, DateAccepted) values (4, 5, 14, true, '2023-04-18');
insert into GroupMembershipRequests (GroupMemberShipRequestsID, GroupID, GroupMemberUserID, IsGroupMemberShipAccepted, DateAccepted) values (5, 2, 14, true, '2022-10-13');
insert into GroupMembershipRequests (GroupMemberShipRequestsID, GroupID, GroupMemberUserID, IsGroupMemberShipAccepted, DateAccepted) values (6, 15, 23, true, '2024-06-01');
insert into GroupMembershipRequests (GroupMemberShipRequestsID, GroupID, GroupMemberUserID, IsGroupMemberShipAccepted, DateAccepted) values (7, 2, 1, true, '2023-01-06');
insert into GroupMembershipRequests (GroupMemberShipRequestsID, GroupID, GroupMemberUserID, IsGroupMemberShipAccepted, DateAccepted) values (8, 9, 2, false, '2024-07-26');
insert into GroupMembershipRequests (GroupMemberShipRequestsID, GroupID, GroupMemberUserID, IsGroupMemberShipAccepted, DateAccepted) values (9, 25, 21, true, '2023-03-09');
insert into GroupMembershipRequests (GroupMemberShipRequestsID, GroupID, GroupMemberUserID, IsGroupMemberShipAccepted, DateAccepted) values (10, 1, 23, false, '2024-02-19');
insert into GroupMembershipRequests (GroupMemberShipRequestsID, GroupID, GroupMemberUserID, IsGroupMemberShipAccepted, DateAccepted) values (11, 4, 12, true, '2023-07-17');
insert into GroupMembershipRequests (GroupMemberShipRequestsID, GroupID, GroupMemberUserID, IsGroupMemberShipAccepted, DateAccepted) values (12, 2, 2, false, '2022-09-23');
insert into GroupMembershipRequests (GroupMemberShipRequestsID, GroupID, GroupMemberUserID, IsGroupMemberShipAccepted, DateAccepted) values (13, 6, 16, false, '2024-06-04');
insert into GroupMembershipRequests (GroupMemberShipRequestsID, GroupID, GroupMemberUserID, IsGroupMemberShipAccepted, DateAccepted) values (14, 10, 2, false, '2024-01-06');
insert into GroupMembershipRequests (GroupMemberShipRequestsID, GroupID, GroupMemberUserID, IsGroupMemberShipAccepted, DateAccepted) values (15, 19, 22, false, '2023-10-03');
insert into GroupMembershipRequests (GroupMemberShipRequestsID, GroupID, GroupMemberUserID, IsGroupMemberShipAccepted, DateAccepted) values (16, 21, 1, false, '2022-12-29');
insert into GroupMembershipRequests (GroupMemberShipRequestsID, GroupID, GroupMemberUserID, IsGroupMemberShipAccepted, DateAccepted) values (17, 12, 12, false, '2024-06-28');
insert into GroupMembershipRequests (GroupMemberShipRequestsID, GroupID, GroupMemberUserID, IsGroupMemberShipAccepted, DateAccepted) values (18, 13, 17, true, '2023-02-17');
insert into GroupMembershipRequests (GroupMemberShipRequestsID, GroupID, GroupMemberUserID, IsGroupMemberShipAccepted, DateAccepted) values (19, 12, 15, false, '2024-03-31');
insert into GroupMembershipRequests (GroupMemberShipRequestsID, GroupID, GroupMemberUserID, IsGroupMemberShipAccepted, DateAccepted) values (20, 2, 23, false, '2023-12-20');
insert into GroupMembershipRequests (GroupMemberShipRequestsID, GroupID, GroupMemberUserID, IsGroupMemberShipAccepted, DateAccepted) values (21, 11, 2, true, '2024-03-20');
insert into GroupMembershipRequests (GroupMemberShipRequestsID, GroupID, GroupMemberUserID, IsGroupMemberShipAccepted, DateAccepted) values (22, 10, 21, true, '2024-01-15');
insert into GroupMembershipRequests (GroupMemberShipRequestsID, GroupID, GroupMemberUserID, IsGroupMemberShipAccepted, DateAccepted) values (23, 23, 8, true, '2023-05-26');
insert into GroupMembershipRequests (GroupMemberShipRequestsID, GroupID, GroupMemberUserID, IsGroupMemberShipAccepted, DateAccepted) values (24, 23, 2, false, '2023-03-31');
insert into GroupMembershipRequests (GroupMemberShipRequestsID, GroupID, GroupMemberUserID, IsGroupMemberShipAccepted, DateAccepted) values (25, 5, 15, true, '2022-10-14');